School_id,Section_id,Student_id
3e0d6,acf32b66,9922ec
3e0d6,acf32b66,bbc210
3e0d6,acf32b66,fd9656
3e0d6,acf32b66,7f45e2
3e0d6,acf32b66,e45851
3e0d6,acf32b66,c5ce54
3e0d6,acf32b66,33f642
3e0d6,acf32b66,f5e73b
3e0d6,acf32b66,f324c0
3e0d6,acf32b66,7fdcde
3e0d6,acf32b66,611e59
3e0d6,acf32b66,8bbafd
3e0d6,acf32b66,a775e0
3e0d6,acf32b66,fec7ac
3e0d6,acf32b66,0caf86
3e0d6,8909070d,09ba62
3e0d6,8909070d,521f7a
3e0d6,8909070d,6fcd0f
3e0d6,8909070d,993542
3e0d6,8909070d,922618
3e0d6,8909070d,0f776c
3e0d6,8909070d,c215d5
3e0d6,8909070d,ebf6cd
3e0d6,8909070d,acc786
3e0d6,8909070d,d99d1d
3e0d6,8909070d,fd426d
3e0d6,8909070d,d95e72
3e0d6,8909070d,d179a4
3e0d6,8909070d,5ea068
3e0d6,8909070d,c775e9
3e0d6,c2741e15,f73113
3e0d6,c2741e15,917742
3e0d6,c2741e15,ccdd6a
3e0d6,c2741e15,cda9e2
3e0d6,c2741e15,c221a0
3e0d6,c2741e15,5d9b48
3e0d6,c2741e15,fd1ca6
3e0d6,c2741e15,c7373c
3e0d6,c2741e15,f22c37
3e0d6,c2741e15,4f1b40
3e0d6,c2741e15,185741
3e0d6,c2741e15,2f87d3
3e0d6,c2741e15,088516
3e0d6,c2741e15,80b726
3e0d6,c2741e15,cc84b6
3e0d6,2b24a0b6,09d1f7
3e0d6,2b24a0b6,f30591
3e0d6,2b24a0b6,b81e4a
3e0d6,2b24a0b6,c119a6
3e0d6,2b24a0b6,5069bc
3e0d6,2b24a0b6,ba34e8
3e0d6,2b24a0b6,215bf2
3e0d6,2b24a0b6,2cc5af
3e0d6,2b24a0b6,80ab59
3e0d6,2b24a0b6,54c586
3e0d6,2b24a0b6,b26d72
3e0d6,2b24a0b6,ca12d5
3e0d6,2b24a0b6,a4e5e8
3e0d6,2b24a0b6,f31258
3e0d6,2b24a0b6,36c919
3e0d6,6a6bd72c,28a356
3e0d6,6a6bd72c,f94914
3e0d6,6a6bd72c,785649
3e0d6,6a6bd72c,47a7e8
3e0d6,6a6bd72c,f72cf5
3e0d6,6a6bd72c,4de41b
3e0d6,6a6bd72c,533206
3e0d6,6a6bd72c,4d1851
3e0d6,6a6bd72c,f47343
3e0d6,6a6bd72c,423c13
3e0d6,6a6bd72c,95de6e
3e0d6,6a6bd72c,bfa11d
3e0d6,6a6bd72c,cc08ff
3e0d6,6a6bd72c,5b0e66
3e0d6,6a6bd72c,df307d
3e0d6,4a67d359,9f18c5
3e0d6,4a67d359,46d3bc
3e0d6,4a67d359,0f6a96
3e0d6,4a67d359,c1060d
3e0d6,4a67d359,3fceb0
3e0d6,4a67d359,55361d
3e0d6,4a67d359,e895d7
3e0d6,4a67d359,d22597
3e0d6,4a67d359,ee2812
3e0d6,4a67d359,ee0236
3e0d6,4a67d359,680a0f
3e0d6,4a67d359,37ef23
3e0d6,4a67d359,81ba45
3e0d6,4a67d359,8441a8
3e0d6,4a67d359,d8eba7
3e0d6,aee205bb,0cf7f8
3e0d6,aee205bb,46dce1
3e0d6,aee205bb,99d327
3e0d6,aee205bb,e05df0
3e0d6,aee205bb,456f0b
3e0d6,aee205bb,704f67
3e0d6,aee205bb,32bc47
3e0d6,aee205bb,e5d030
3e0d6,aee205bb,a642b2
3e0d6,aee205bb,3091d8
3e0d6,aee205bb,fa54fc
3e0d6,aee205bb,3b17df
3e0d6,aee205bb,775caa
3e0d6,aee205bb,e48c46
3e0d6,aee205bb,1017cb
3e0d6,b30d2b94,738790
3e0d6,b30d2b94,6aa41e
3e0d6,b30d2b94,cf01f2
3e0d6,b30d2b94,84cd93
3e0d6,b30d2b94,43d4b3
3e0d6,b30d2b94,cafc14
3e0d6,b30d2b94,5158b7
3e0d6,b30d2b94,22cb8e
3e0d6,b30d2b94,828fe7
3e0d6,b30d2b94,7b78eb
3e0d6,b30d2b94,cbfe23
3e0d6,b30d2b94,1a7174
3e0d6,b30d2b94,32c496
3e0d6,b30d2b94,c17730
3e0d6,b30d2b94,cb0901
3e0d6,dccbab04,d17679
3e0d6,dccbab04,892faf
3e0d6,dccbab04,55d844
3e0d6,dccbab04,04eb11
3e0d6,dccbab04,7aaa84
3e0d6,dccbab04,017542
3e0d6,dccbab04,37c7e6
3e0d6,dccbab04,ac91eb
3e0d6,dccbab04,48eb9d
3e0d6,dccbab04,1e57a7
3e0d6,dccbab04,002fcc
3e0d6,dccbab04,e5140c
3e0d6,dccbab04,e5c236
3e0d6,dccbab04,42acf4
3e0d6,dccbab04,c52e8e
3e0d6,bef6b3f1,6ec84e
3e0d6,bef6b3f1,19aba3
3e0d6,bef6b3f1,05c361
3e0d6,bef6b3f1,9c08b6
3e0d6,bef6b3f1,a81a3c
3e0d6,bef6b3f1,190f56
3e0d6,bef6b3f1,d8c9c2
3e0d6,bef6b3f1,cc5138
3e0d6,bef6b3f1,d491cd
3e0d6,bef6b3f1,85388d
3e0d6,bef6b3f1,bc25ad
3e0d6,bef6b3f1,ee3e8c
3e0d6,bef6b3f1,ef9f5d
3e0d6,bef6b3f1,7c231f
3e0d6,bef6b3f1,f2d3e3
63dbd,64aecfaf,24ce06
63dbd,64aecfaf,ce2011
63dbd,64aecfaf,54485e
63dbd,64aecfaf,2e7f66
63dbd,64aecfaf,b4c873
63dbd,64aecfaf,0eae0f
63dbd,64aecfaf,444be7
63dbd,64aecfaf,32d159
63dbd,64aecfaf,73c95f
63dbd,64aecfaf,f79111
63dbd,64aecfaf,95dc7c
63dbd,64aecfaf,e8fbae
63dbd,64aecfaf,8579cf
63dbd,64aecfaf,2bc4f2
63dbd,64aecfaf,aeb5ee
63dbd,1b3ad4a8,6c7639
63dbd,1b3ad4a8,0ef8e3
63dbd,1b3ad4a8,17860c
63dbd,1b3ad4a8,e30303
63dbd,1b3ad4a8,6cd7c9
63dbd,1b3ad4a8,50ca28
63dbd,1b3ad4a8,41c6fe
63dbd,1b3ad4a8,47012b
63dbd,1b3ad4a8,76362c
63dbd,1b3ad4a8,abd532
63dbd,1b3ad4a8,4581cb
63dbd,1b3ad4a8,a0ece4
63dbd,1b3ad4a8,4cf203
63dbd,1b3ad4a8,1aaeb8
63dbd,1b3ad4a8,71e6f0
63dbd,a7a4e939,366dca
63dbd,a7a4e939,583bad
63dbd,a7a4e939,279358
63dbd,a7a4e939,00efef
63dbd,a7a4e939,97735a
63dbd,a7a4e939,be9014
63dbd,a7a4e939,de810a
63dbd,a7a4e939,03fcff
63dbd,a7a4e939,281c6d
63dbd,a7a4e939,7f6376
63dbd,a7a4e939,ebf046
63dbd,a7a4e939,87add0
63dbd,a7a4e939,4ba39c
63dbd,a7a4e939,0183cd
63dbd,a7a4e939,64aff1
63dbd,0c5e922e,360483
63dbd,0c5e922e,af08da
63dbd,0c5e922e,1c3427
63dbd,0c5e922e,e9504d
63dbd,0c5e922e,8d0394
63dbd,0c5e922e,e57468
63dbd,0c5e922e,cdc92b
63dbd,0c5e922e,001cac
63dbd,0c5e922e,86d151
63dbd,0c5e922e,b44a3a
63dbd,0c5e922e,7f8793
63dbd,0c5e922e,4a5cfd
63dbd,0c5e922e,7e0b3d
63dbd,0c5e922e,57cc43
63dbd,0c5e922e,1b33b8
63dbd,0b87a099,f5dc7b
63dbd,0b87a099,14a43a
63dbd,0b87a099,4410fb
63dbd,0b87a099,fc49c7
63dbd,0b87a099,301c50
63dbd,0b87a099,d80256
63dbd,0b87a099,c4a73b
63dbd,0b87a099,5f5cc1
63dbd,0b87a099,4ce581
63dbd,0b87a099,5f28c0
63dbd,0b87a099,24a188
63dbd,0b87a099,19eb82
63dbd,0b87a099,6ea75e
63dbd,0b87a099,580d1c
63dbd,0b87a099,a097d0
63dbd,ddd76426,53e002
63dbd,ddd76426,7f210f
63dbd,ddd76426,55198b
63dbd,ddd76426,187fa2
63dbd,ddd76426,77cc56
63dbd,ddd76426,1cf2b6
63dbd,ddd76426,6e6a7b
63dbd,ddd76426,fe1e29
63dbd,ddd76426,7e6bf8
63dbd,ddd76426,05e22b
63dbd,ddd76426,c74cb4
63dbd,ddd76426,bd8550
63dbd,ddd76426,ca68e2
63dbd,ddd76426,8cf39a
63dbd,ddd76426,cad5ae
63dbd,29951f10,8b34ae
63dbd,29951f10,bf922a
63dbd,29951f10,34bdb6
63dbd,29951f10,907a49
63dbd,29951f10,565532
63dbd,29951f10,9a4e20
63dbd,29951f10,5e4185
63dbd,29951f10,ff0456
63dbd,29951f10,cde3c1
63dbd,29951f10,683194
63dbd,29951f10,2bf3e0
63dbd,29951f10,24386e
63dbd,29951f10,5dda77
63dbd,29951f10,494965
63dbd,29951f10,4fa9b9
63dbd,b454804a,9bc3e4
63dbd,b454804a,a5c3f1
63dbd,b454804a,dc684d
63dbd,b454804a,0f6ec6
63dbd,b454804a,a05d30
63dbd,b454804a,daf75f
63dbd,b454804a,09a101
63dbd,b454804a,f985f6
63dbd,b454804a,22a70a
63dbd,b454804a,e947f4
63dbd,b454804a,e19e2d
63dbd,b454804a,07af94
63dbd,b454804a,bb359e
63dbd,b454804a,639944
63dbd,b454804a,b3c980
63dbd,395a3fd9,3348f3
63dbd,395a3fd9,f4dc7c
63dbd,395a3fd9,fb181b
63dbd,395a3fd9,5d7d73
63dbd,395a3fd9,6ce5fe
63dbd,395a3fd9,4d9763
63dbd,395a3fd9,5fd4c6
63dbd,395a3fd9,80e981
63dbd,395a3fd9,48a81a
63dbd,395a3fd9,a4a376
63dbd,395a3fd9,646f60
63dbd,395a3fd9,6830ba
63dbd,395a3fd9,49b7a2
63dbd,395a3fd9,6a72ff
63dbd,395a3fd9,ff2e08
63dbd,2442b80a,53b7b6
63dbd,2442b80a,064693
63dbd,2442b80a,dceada
63dbd,2442b80a,410749
63dbd,2442b80a,b2fc52
63dbd,2442b80a,481cad
63dbd,2442b80a,0fd397
63dbd,2442b80a,fc1408
63dbd,2442b80a,1469f5
63dbd,2442b80a,d805b9
63dbd,2442b80a,8818b2
63dbd,2442b80a,3ad21a
63dbd,2442b80a,6eb739
63dbd,2442b80a,e3a2f2
63dbd,2442b80a,c6c16d
a4d7d3,90fc9160,078753
a4d7d3,90fc9160,60fc76
a4d7d3,90fc9160,f12908
a4d7d3,90fc9160,a14977
a4d7d3,90fc9160,f453d7
a4d7d3,90fc9160,4c4549
a4d7d3,90fc9160,cffc78
a4d7d3,90fc9160,ee0b6c
a4d7d3,90fc9160,773613
a4d7d3,90fc9160,130cdd
a4d7d3,90fc9160,cc3376
a4d7d3,90fc9160,06c0d0
a4d7d3,90fc9160,817c8b
a4d7d3,90fc9160,21cf7b
a4d7d3,90fc9160,0515f6
a4d7d3,48af789f,ed4dca
a4d7d3,48af789f,5b0a60
a4d7d3,48af789f,81fe57
a4d7d3,48af789f,bd95db
a4d7d3,48af789f,9ab604
a4d7d3,48af789f,569a16
a4d7d3,48af789f,82e59d
a4d7d3,48af789f,9efd44
a4d7d3,48af789f,d98cd0
a4d7d3,48af789f,4a2512
a4d7d3,48af789f,03870c
a4d7d3,48af789f,aba841
a4d7d3,48af789f,51b342
a4d7d3,48af789f,395dd5
a4d7d3,48af789f,f7ff81
a4d7d3,3d6ebcb3,46e320
a4d7d3,3d6ebcb3,0edcd8
a4d7d3,3d6ebcb3,a29a2a
a4d7d3,3d6ebcb3,3fae21
a4d7d3,3d6ebcb3,5cb972
a4d7d3,3d6ebcb3,de44b8
a4d7d3,3d6ebcb3,7e87a5
a4d7d3,3d6ebcb3,f4b72c
a4d7d3,3d6ebcb3,b1bfc3
a4d7d3,3d6ebcb3,db3fe0
a4d7d3,3d6ebcb3,f13827
a4d7d3,3d6ebcb3,f64a48
a4d7d3,3d6ebcb3,ab0659
a4d7d3,3d6ebcb3,c40e2b
a4d7d3,3d6ebcb3,77f5b9
a4d7d3,a6dc07d3,fc28b9
a4d7d3,a6dc07d3,5b092e
a4d7d3,a6dc07d3,696f82
a4d7d3,a6dc07d3,5f4abd
a4d7d3,a6dc07d3,6d1a17
a4d7d3,a6dc07d3,527dc8
a4d7d3,a6dc07d3,93e75e
a4d7d3,a6dc07d3,e1bc5e
a4d7d3,a6dc07d3,ab52c2
a4d7d3,a6dc07d3,c47396
a4d7d3,a6dc07d3,db4219
a4d7d3,a6dc07d3,cc1109
a4d7d3,a6dc07d3,d16c61
a4d7d3,a6dc07d3,19114d
a4d7d3,a6dc07d3,41d04c
a4d7d3,8ba8dc07,e3bf3a
a4d7d3,8ba8dc07,f64dfa
a4d7d3,8ba8dc07,e237c0
a4d7d3,8ba8dc07,c825a4
a4d7d3,8ba8dc07,8b84b0
a4d7d3,8ba8dc07,8cf647
a4d7d3,8ba8dc07,c9f5c1
a4d7d3,8ba8dc07,fc7e24
a4d7d3,8ba8dc07,3110a7
a4d7d3,8ba8dc07,7384eb
a4d7d3,8ba8dc07,9fbd8e
a4d7d3,8ba8dc07,88b328
a4d7d3,8ba8dc07,148b2f
a4d7d3,8ba8dc07,352d61
a4d7d3,8ba8dc07,c601a7
a4d7d3,e6522f3e,80d492
a4d7d3,e6522f3e,96da5f
a4d7d3,e6522f3e,c0da4e
a4d7d3,e6522f3e,4270f9
a4d7d3,e6522f3e,55fa1a
a4d7d3,e6522f3e,31fcc6
a4d7d3,e6522f3e,834be3
a4d7d3,e6522f3e,4d4bfc
a4d7d3,e6522f3e,bb5b49
a4d7d3,e6522f3e,c820c9
a4d7d3,e6522f3e,2d4385
a4d7d3,e6522f3e,ca62dd
a4d7d3,e6522f3e,992603
a4d7d3,e6522f3e,c21fff
a4d7d3,e6522f3e,415fe8
a4d7d3,08cd2ee0,45dc2b
a4d7d3,08cd2ee0,d31b22
a4d7d3,08cd2ee0,526faa
a4d7d3,08cd2ee0,bbb79c
a4d7d3,08cd2ee0,add023
a4d7d3,08cd2ee0,6afb04
a4d7d3,08cd2ee0,3bd3aa
a4d7d3,08cd2ee0,63166a
a4d7d3,08cd2ee0,fecace
a4d7d3,08cd2ee0,af0ff2
a4d7d3,08cd2ee0,a89886
a4d7d3,08cd2ee0,d554a5
a4d7d3,08cd2ee0,f778b9
a4d7d3,08cd2ee0,ce7806
a4d7d3,08cd2ee0,e9b6f6
a4d7d3,63f94909,2e8b45
a4d7d3,63f94909,e27746
a4d7d3,63f94909,9a34bc
a4d7d3,63f94909,bd058a
a4d7d3,63f94909,e93a3d
a4d7d3,63f94909,95e15d
a4d7d3,63f94909,bf4105
a4d7d3,63f94909,4644e8
a4d7d3,63f94909,b6084c
a4d7d3,63f94909,bd9a13
a4d7d3,63f94909,c934ef
a4d7d3,63f94909,fed7f9
a4d7d3,63f94909,ab14cf
a4d7d3,63f94909,05bf6d
a4d7d3,63f94909,a05ec1
a4d7d3,40549658,411751
a4d7d3,40549658,15bc75
a4d7d3,40549658,4c8d6a
a4d7d3,40549658,dd7a95
a4d7d3,40549658,fd30e1
a4d7d3,40549658,b73ab8
a4d7d3,40549658,add36f
a4d7d3,40549658,c9994c
a4d7d3,40549658,3e7778
a4d7d3,40549658,cfd9c3
a4d7d3,40549658,ae4297
a4d7d3,40549658,fa3c9a
a4d7d3,40549658,6a317d
a4d7d3,40549658,6f8413
a4d7d3,40549658,563d8d
a4d7d3,acc998bc,729d0c
a4d7d3,acc998bc,7caaac
a4d7d3,acc998bc,298274
a4d7d3,acc998bc,ca7a07
a4d7d3,acc998bc,2233aa
a4d7d3,acc998bc,f0db7b
a4d7d3,acc998bc,150476
a4d7d3,acc998bc,3bc75a
a4d7d3,acc998bc,b1808f
a4d7d3,acc998bc,6501d1
a4d7d3,acc998bc,6c02e8
a4d7d3,acc998bc,e53498
a4d7d3,acc998bc,af9151
a4d7d3,acc998bc,2ac3a0
a4d7d3,acc998bc,e9999d
ceddd5,067f4bae,97a2d6
ceddd5,067f4bae,0b8f03
ceddd5,067f4bae,24d76b
ceddd5,067f4bae,a56bfb
ceddd5,067f4bae,ebadbe
ceddd5,067f4bae,db8867
ceddd5,067f4bae,765023
ceddd5,067f4bae,0c48c1
ceddd5,067f4bae,18604f
ceddd5,067f4bae,aed78b
ceddd5,067f4bae,5dec76
ceddd5,067f4bae,487fcf
ceddd5,067f4bae,92f103
ceddd5,067f4bae,687f2b
ceddd5,067f4bae,f1d89b
ceddd5,d461f40f,0531b0
ceddd5,d461f40f,da6730
ceddd5,d461f40f,57cc21
ceddd5,d461f40f,d738ff
ceddd5,d461f40f,845591
ceddd5,d461f40f,dc2581
ceddd5,d461f40f,e05eb2
ceddd5,d461f40f,601b8b
ceddd5,d461f40f,a4919e
ceddd5,d461f40f,818e99
ceddd5,d461f40f,06586b
ceddd5,d461f40f,5f74f1
ceddd5,d461f40f,e3d97b
ceddd5,d461f40f,7d889a
ceddd5,d461f40f,81b129
ceddd5,3f747c10,b83412
ceddd5,3f747c10,80da9b
ceddd5,3f747c10,fd8ab6
ceddd5,3f747c10,711405
ceddd5,3f747c10,cc4489
ceddd5,3f747c10,6e492c
ceddd5,3f747c10,1ac9dd
ceddd5,3f747c10,369dab
ceddd5,3f747c10,b2d09a
ceddd5,3f747c10,7e1466
ceddd5,3f747c10,2afb1a
ceddd5,3f747c10,94ea43
ceddd5,3f747c10,36adbd
ceddd5,3f747c10,7df9a2
ceddd5,3f747c10,356413
ceddd5,62410001,175b91
ceddd5,62410001,fdb849
ceddd5,62410001,f92663
ceddd5,62410001,e74f48
ceddd5,62410001,00d67e
ceddd5,62410001,5ddcf6
ceddd5,62410001,d6858f
ceddd5,62410001,129769
ceddd5,62410001,705a27
ceddd5,62410001,e0ea5e
ceddd5,62410001,801fb7
ceddd5,62410001,92ec44
ceddd5,62410001,0b6ce8
ceddd5,62410001,0be02b
ceddd5,62410001,5140d7
ceddd5,7187f6b2,1c3844
ceddd5,7187f6b2,a0b90c
ceddd5,7187f6b2,a84d05
ceddd5,7187f6b2,fc144f
ceddd5,7187f6b2,867748
ceddd5,7187f6b2,f3cf0f
ceddd5,7187f6b2,0c5482
ceddd5,7187f6b2,a0d651
ceddd5,7187f6b2,0babc0
ceddd5,7187f6b2,dc6a72
ceddd5,7187f6b2,8e7985
ceddd5,7187f6b2,4ec0d3
ceddd5,7187f6b2,b7bead
ceddd5,7187f6b2,f1bdcc
ceddd5,7187f6b2,871137
ceddd5,d69a09f3,32f832
ceddd5,d69a09f3,693a2b
ceddd5,d69a09f3,15b33b
ceddd5,d69a09f3,a4b320
ceddd5,d69a09f3,e78b94
ceddd5,d69a09f3,572b46
ceddd5,d69a09f3,3306f4
ceddd5,d69a09f3,8ed764
ceddd5,d69a09f3,efa5b9
ceddd5,d69a09f3,b08c06
ceddd5,d69a09f3,afc8de
ceddd5,d69a09f3,d3fb9e
ceddd5,d69a09f3,70a451
ceddd5,d69a09f3,05b281
ceddd5,d69a09f3,3b20e1
ceddd5,d15e28f8,83b541
ceddd5,d15e28f8,68678e
ceddd5,d15e28f8,4643c7
ceddd5,d15e28f8,ecd0f3
ceddd5,d15e28f8,9ac3d4
ceddd5,d15e28f8,f90c3f
ceddd5,d15e28f8,bca46f
ceddd5,d15e28f8,d5f055
ceddd5,d15e28f8,e12f49
ceddd5,d15e28f8,3c2c2c
ceddd5,d15e28f8,a47cdf
ceddd5,d15e28f8,966935
ceddd5,d15e28f8,462fb6
ceddd5,d15e28f8,3ca6c5
ceddd5,d15e28f8,1a8937
ceddd5,e13e67e3,ca4492
ceddd5,e13e67e3,aecfb2
ceddd5,e13e67e3,9baa78
ceddd5,e13e67e3,02ad13
ceddd5,e13e67e3,c81c40
ceddd5,e13e67e3,338971
ceddd5,e13e67e3,199ec6
ceddd5,e13e67e3,b6ee59
ceddd5,e13e67e3,d89ba4
ceddd5,e13e67e3,eecc76
ceddd5,e13e67e3,428324
ceddd5,e13e67e3,4d7674
ceddd5,e13e67e3,f594b4
ceddd5,e13e67e3,e980f1
ceddd5,e13e67e3,0688bd
ceddd5,fc3d6d15,4f7764
ceddd5,fc3d6d15,05d4e7
ceddd5,fc3d6d15,fb7081
ceddd5,fc3d6d15,7196c8
ceddd5,fc3d6d15,01f953
ceddd5,fc3d6d15,e1355d
ceddd5,fc3d6d15,c4fe50
ceddd5,fc3d6d15,2e8005
ceddd5,fc3d6d15,4867cc
ceddd5,fc3d6d15,bb750c
ceddd5,fc3d6d15,72ef0e
ceddd5,fc3d6d15,a9bba5
ceddd5,fc3d6d15,9421b3
ceddd5,fc3d6d15,5940ce
ceddd5,fc3d6d15,eb7b55
ceddd5,db61fd4f,4d75d2
ceddd5,db61fd4f,f5b98c
ceddd5,db61fd4f,76f254
ceddd5,db61fd4f,919f88
ceddd5,db61fd4f,25f722
ceddd5,db61fd4f,2c207b
ceddd5,db61fd4f,a79183
ceddd5,db61fd4f,000b8a
ceddd5,db61fd4f,477a0c
ceddd5,db61fd4f,1cf657
ceddd5,db61fd4f,123ca4
ceddd5,db61fd4f,384581
ceddd5,db61fd4f,0067be
ceddd5,db61fd4f,621817
ceddd5,db61fd4f,69b2ac
b6e4b8,05da5bc9,4ed68e
b6e4b8,05da5bc9,3b58cf
b6e4b8,05da5bc9,97c969
b6e4b8,05da5bc9,ff3f18
b6e4b8,05da5bc9,f7c041
b6e4b8,05da5bc9,a71cb0
b6e4b8,05da5bc9,fedb54
b6e4b8,05da5bc9,2dbe0d
b6e4b8,05da5bc9,1dcc09
b6e4b8,05da5bc9,d292f2
b6e4b8,05da5bc9,21bf09
b6e4b8,05da5bc9,a6b1db
b6e4b8,05da5bc9,c14c69
b6e4b8,05da5bc9,1a0035
b6e4b8,05da5bc9,3da6db
b6e4b8,1bd9437f,8c05f5
b6e4b8,1bd9437f,228d15
b6e4b8,1bd9437f,0800d7
b6e4b8,1bd9437f,f2d4a9
b6e4b8,1bd9437f,f3b38f
b6e4b8,1bd9437f,60fd0f
b6e4b8,1bd9437f,63b988
b6e4b8,1bd9437f,ee1280
b6e4b8,1bd9437f,59f4ea
b6e4b8,1bd9437f,22f69e
b6e4b8,1bd9437f,fbac31
b6e4b8,1bd9437f,6dbbea
b6e4b8,1bd9437f,2d1230
b6e4b8,1bd9437f,e519a5
b6e4b8,1bd9437f,b94a86
b6e4b8,8957badb,a120f1
b6e4b8,8957badb,02ab98
b6e4b8,8957badb,36fdf0
b6e4b8,8957badb,634e4a
b6e4b8,8957badb,f8b273
b6e4b8,8957badb,b9b1b6
b6e4b8,8957badb,1d4aba
b6e4b8,8957badb,5d9c6a
b6e4b8,8957badb,314407
b6e4b8,8957badb,c813a5
b6e4b8,8957badb,2e884b
b6e4b8,8957badb,c47d40
b6e4b8,8957badb,0927ed
b6e4b8,8957badb,3e83a1
b6e4b8,8957badb,e1e2d6
b6e4b8,72876d53,05ca1a
b6e4b8,72876d53,4526b3
b6e4b8,72876d53,4e7b8f
b6e4b8,72876d53,14bba8
b6e4b8,72876d53,0c1809
b6e4b8,72876d53,7e31a0
b6e4b8,72876d53,7b6c97
b6e4b8,72876d53,f84079
b6e4b8,72876d53,417c9c
b6e4b8,72876d53,3c327c
b6e4b8,72876d53,36db1a
b6e4b8,72876d53,39db82
b6e4b8,72876d53,9c55c4
b6e4b8,72876d53,85d243
b6e4b8,72876d53,9706f1
b6e4b8,4978c3e8,c5a806
b6e4b8,4978c3e8,a071a1
b6e4b8,4978c3e8,4b3a12
b6e4b8,4978c3e8,d93207
b6e4b8,4978c3e8,2e8f3a
b6e4b8,4978c3e8,422681
b6e4b8,4978c3e8,dbc7f6
b6e4b8,4978c3e8,dd13ca
b6e4b8,4978c3e8,719603
b6e4b8,4978c3e8,bce569
b6e4b8,4978c3e8,b3f6b8
b6e4b8,4978c3e8,6da9f8
b6e4b8,4978c3e8,159f2d
b6e4b8,4978c3e8,0fd801
b6e4b8,4978c3e8,52c1e1
b6e4b8,ad8baca2,2af632
b6e4b8,ad8baca2,a4e7cd
b6e4b8,ad8baca2,f6ba62
b6e4b8,ad8baca2,23d94e
b6e4b8,ad8baca2,a8693a
b6e4b8,ad8baca2,0bd75a
b6e4b8,ad8baca2,da4ced
b6e4b8,ad8baca2,747583
b6e4b8,ad8baca2,bde71e
b6e4b8,ad8baca2,505684
b6e4b8,ad8baca2,eb1eac
b6e4b8,ad8baca2,8e0a61
b6e4b8,ad8baca2,6e48d8
b6e4b8,ad8baca2,6445d7
b6e4b8,ad8baca2,db8dc2
b6e4b8,e9421e44,388804
b6e4b8,e9421e44,df16bb
b6e4b8,e9421e44,833192
b6e4b8,e9421e44,833745
b6e4b8,e9421e44,6ed65f
b6e4b8,e9421e44,7acacd
b6e4b8,e9421e44,f3f81d
b6e4b8,e9421e44,393169
b6e4b8,e9421e44,7b8880
b6e4b8,e9421e44,d0a428
b6e4b8,e9421e44,59855a
b6e4b8,e9421e44,a11531
b6e4b8,e9421e44,0a6846
b6e4b8,e9421e44,234d04
b6e4b8,e9421e44,672fa7
b6e4b8,28502bcc,25d5ab
b6e4b8,28502bcc,69a189
b6e4b8,28502bcc,950eb4
b6e4b8,28502bcc,f072e9
b6e4b8,28502bcc,c2d701
b6e4b8,28502bcc,219801
b6e4b8,28502bcc,aba89d
b6e4b8,28502bcc,4b5b56
b6e4b8,28502bcc,7d106a
b6e4b8,28502bcc,fb239d
b6e4b8,28502bcc,49d0cf
b6e4b8,28502bcc,74189f
b6e4b8,28502bcc,7b289e
b6e4b8,28502bcc,e79b4e
b6e4b8,28502bcc,95483b
b6e4b8,77b205dd,4a3970
b6e4b8,77b205dd,b578db
b6e4b8,77b205dd,325a03
b6e4b8,77b205dd,1b2971
b6e4b8,77b205dd,7a56ec
b6e4b8,77b205dd,e42c59
b6e4b8,77b205dd,a1f257
b6e4b8,77b205dd,a61c74
b6e4b8,77b205dd,5f962e
b6e4b8,77b205dd,3136ba
b6e4b8,77b205dd,550aa0
b6e4b8,77b205dd,26d006
b6e4b8,77b205dd,41055d
b6e4b8,77b205dd,1d5007
b6e4b8,77b205dd,491f65
b6e4b8,24c0cb57,e3dcbc
b6e4b8,24c0cb57,de6d72
b6e4b8,24c0cb57,168084
b6e4b8,24c0cb57,f27007
b6e4b8,24c0cb57,57750a
b6e4b8,24c0cb57,aab97c
b6e4b8,24c0cb57,f56632
b6e4b8,24c0cb57,b7a26a
b6e4b8,24c0cb57,c5e061
b6e4b8,24c0cb57,fee077
b6e4b8,24c0cb57,10eb00
b6e4b8,24c0cb57,24405c
b6e4b8,24c0cb57,3125d0
b6e4b8,24c0cb57,7f3974
b6e4b8,24c0cb57,c4958d
